{
  "MRC-ridge-residual": {
    "mean": -0.10796897859312347,
    "ci95_low": -0.1917558401123771,
    "ci95_high": -0.026202810123648293,
    "p_lt_zero": 0.9965
  },
  "MRC-ridge-abstain": {
    "mean": -0.058877959508098494,
    "ci95_low": -0.0878756740161868,
    "ci95_high": -0.03199010580917086,
    "p_lt_zero": 1.0
  }
}