variant,split,rows,mean_mse_delta,harm_rate,alignment_A_gt_1_rate,mean_cosine
HalluGuard-BP-domain,test,768.0,-0.39646924210910556,0.4348958333333333,0.5651041666666666,0.17099632109594917
HalluGuard-BP-domain,val,768.0,-0.6149352719464639,0.4440104166666667,0.5559895833333334,0.1604511993841469
HalluGuard-BP-global,test,768.0,-0.4418473691446072,0.4140625,0.5859375,0.1815405224941905
HalluGuard-BP-global,val,768.0,-0.4978323980105552,0.4322916666666667,0.5677083333333334,0.16130814912277033
