boundary_gap_bin,rows,mean_mse,raw_mean_mse,mean_mse_delta,mean_mse_delta_pct,harm_rate,win_rate_vs_raw,alignment_A_gt_1_rate,mean_cosine
q1_low,192,5.510844895664856,5.567078053217199,-0.056233157552344835,-1.0101018328427722,0.4322916666666667,0.5677083333333334,0.5677083333333334,0.11373209351197494
q2,192,5.942216942247121,6.07041471276431,-0.12819777051718836,-2.1118453412489484,0.4635416666666667,0.5364583333333334,0.5364583333333334,0.09077373879096652
q3,192,5.6833571504743015,6.186069176196323,-0.5027120257220196,-8.126517996982281,0.375,0.625,0.625,0.2320879778463734
q4_high,192,6.805073751681882,7.885320274468756,-1.0802465227868756,-13.699462847622975,0.3854166666666667,0.6145833333333334,0.6145833333333334,0.28956827982744693
