variant,calibration,alpha,decay,anchor,rows,mean_mse,raw_mean_mse,mean_mse_delta,mean_mse_delta_pct,harm_rate,win_rate_vs_raw,alignment_A_gt_1_rate,mean_cosine
HalluGuard-BP-global,validation_global,0.5,linear,last,768,5.9853731850170435,6.4272205541616385,-0.4418473691446072,-6.874625893630608,0.4140625,0.5859375,0.5859375,0.1815405224941905
HalluGuard-BP-domain,validation_per_config,per_config,per_config,per_config,768,6.030751312052542,6.427220554161647,-0.3964692421091057,-5.043842027692741,0.4348958333333333,0.5651041666666667,0.5651041666666667,0.17099632109594917
HalluGuard-LRBN,existing_action,,,,768,4.8941575960035415,,-1.5330629580413702,-5.0995446969929334,0.3580729166666667,0.6419270833333334,0.6419270833333334,0.4328609953354934
ema_smoothing,existing_action,,,,768,6.060487040025383,,-0.3667335140195269,-10.962126595684905,0.0,1.0,1.0,0.31073435288586165
matched_sparse_smoothing,existing_action,,,,768,6.222475052491291,,-0.2047455015536254,-6.012603285023335,0.2682291666666667,0.7213541666666666,0.7213541666666666,0.15141996008891054
median_smoothing,existing_action,,,,768,6.129929274585334,,-0.2972912794595831,-9.466496766526623,0.024739583333333332,0.9752604166666666,0.9752604166666666,0.28192238963105465
naive_smoothing,existing_action,,,,768,6.0720691231800075,,-0.3551514308649051,-11.123758073002358,0.0,1.0,1.0,0.3037207821110953
