coverage,critic_delta,boundary_delta,random_delta,critic_harm,boundary_harm,random_harm,critic_minus_random_delta,critic_minus_boundary_delta
0.25,-0.05970646300404989,-0.2700616306967189,-0.06696101883545279,0.10807291666666667,0.09635416666666667,0.10677083333333333,0.007254555831402901,0.21035516769266902
0.5,-0.29658608657036933,-0.3957396371272237,-0.19660859710896214,0.18359375,0.19010416666666666,0.22916666666666666,-0.09997748946140719,0.09915355055685438
0.75,-0.47433140162982185,-0.42778907975652086,-0.3748701553805167,0.2669270833333333,0.3059895833333333,0.3046875,-0.09946124624930514,-0.046542321873300985
1.0,-0.4418473691446072,-0.4418473691446072,-0.4418473691446072,0.4140625,0.4140625,0.4140625,0.0,0.0
