split,rows,spearman_score_delta_vs_bp_gain,spearman_score_delta_vs_bp_harm,mean_score_delta,mean_bp_gain,bp_harm_rate
test,768,0.17398363047049709,-0.12025021369284024,0.0018630727475592286,0.4418473691446072,0.4140625
val,768,0.13923626240414497,-0.1128874497068771,0.003789972181480037,0.4978323980105552,0.4322916666666667
