split,validation,accuracy,macro_f1,majority_accuracy,top_action_purity,cross_domain_consistency,heldout
test,global,0.5052083333333334,0.26281781376518215,0.4192708333333333,0.6857431379166296,0.75,
test,leave_one_dataset,0.5963541666666666,0.43086529414677627,0.4973958333333333,0.6998630041997727,0.75,ETTh1
test,leave_one_dataset,0.3671875,0.16848438300051205,0.3411458333333333,0.7043320649263876,0.7,ETTm1
test,leave_one_backbone,0.5677083333333334,0.34548773637895525,0.4322916666666667,0.7019553104815244,0.75,DLinear
test,leave_one_backbone,0.4557291666666667,0.24350968220142682,0.40625,0.8122356994038409,0.9,PatchTST
