config_id,gamma,val_mean_mse,test_mean_mse_delta,test_mean_mse_delta_pct,test_harm_rate,bp_global_mean_mse_delta
ETTh1_DLinear_192_seed2026,0.75,9.98878342297596,3.3297779396457385,30.38550495636986,0.6875,-1.7092118049900222
ETTh1_DLinear_96_seed2026,0.5,9.079940211927779,2.683837043940647,30.400703089485507,0.84375,-1.0444013947767334
ETTh1_PatchTST_192_seed2026,0.5,10.50010547842986,1.0742864080534873,14.776180754225376,0.6354166666666666,-0.257574131612192
ETTh1_PatchTST_96_seed2026,0.5,10.075908103941655,0.5048580556509288,8.659943072738004,0.5729166666666666,-0.23053872129540565
ETTm1_DLinear_192_seed2026,0.5,7.874880931811347,2.335806893724734,36.182532360989356,0.8854166666666666,-0.007093361508719244
ETTm1_DLinear_96_seed2026,0.75,5.283897959931066,1.739275639109889,36.34616811782667,0.7395833333333334,0.18080753541044162
ETTm1_PatchTST_192_seed2026,0.5,7.690037311137952,0.6912641496918548,16.365014247444066,0.6041666666666666,-0.18912139200609782
ETTm1_PatchTST_96_seed2026,0.5,5.31486914717205,0.40095351816485847,13.077623235182548,0.6041666666666666,-0.27764568237812964
