action,rows,test_rows,mean_mse_delta_test,mean_mse_delta_pct_test,harm_rate_test,alignment_A_gt_1_rate_test,mean_alignment_ratio_test,mean_cosine_test,mean_correction_energy_ratio_test
HalluGuard-LRBN,1536,768,-1.5330629580413702,-5.099544696992933,0.3580729166666667,0.6419270833333334,1.6399648230834825,0.4328609953354934,0.2819809206157271
ema_smoothing,1536,768,-0.3667335140195271,-10.962126595684905,0.0,1.0,2.5642919217191236,0.31073435288586165,0.108843352838164
naive_smoothing,1536,768,-0.3551514308649053,-11.123758073002358,0.0,1.0,2.0334910414914167,0.3037207821110953,0.1329406033282052
median_smoothing,1536,768,-0.2972912794595833,-9.466496766526623,0.024739583333333332,0.9752604166666666,1.7759152892710548,0.28192238963105465,0.140763039816097
matched_sparse_smoothing,1536,768,-0.2047455015536255,-6.012603285023335,0.2682291666666667,0.7213541666666666,5.4925854063905435,0.1514199600889106,0.06426592382079284
