dataset,backbone,horizon,val_rows,test_rows,pca_top5_val_evr,pca_top10_val_evr,pca_top20_val_evr,pca_top20_test_recon_evr,dct_top20_test_evr,basis_weight_r2_test,basis_weight_sign_accuracy_test
ETTh1,DLinear,96,96.0,96.0,0.8437018709762751,0.9266791957323445,0.9676837380927105,0.9553488225122753,0.8456551989793696,-1.5756278682089184,0.5
ETTh1,DLinear,192,96.0,96.0,0.7795656414296205,0.8808721940679427,0.9434993979078857,0.9242503232474617,0.8295384617702181,-0.935627285309466,0.5375
ETTh1,PatchTST,96,96.0,96.0,0.7986016485383631,0.884430511911068,0.9424927806222527,0.9185306696660523,0.8646692901495246,-0.1669825153898601,0.5666666666666667
ETTh1,PatchTST,192,96.0,96.0,0.7267890048774662,0.8348606655881823,0.9124649952568875,0.8892204035549107,0.8435984282123745,-0.23273173478498288,0.47291666666666665
ETTm1,DLinear,96,96.0,96.0,0.919164688285082,0.9687226947940466,0.9885708463451253,0.9778237392859044,0.7526506276463328,-1.8079819177380818,0.6041666666666666
ETTm1,DLinear,192,96.0,96.0,0.9109095972669651,0.9547647238162196,0.9839853388195672,0.9640488697293215,0.8283535913957096,-1.7038304758495606,0.48333333333333334
ETTm1,PatchTST,96,96.0,96.0,0.8756398104595583,0.9358295462773918,0.9737348045920167,0.9539434407631057,0.8573437612857044,-0.33587311120845986,0.5604166666666667
ETTm1,PatchTST,192,96.0,96.0,0.875469622851326,0.9271846643744956,0.9668414279291936,0.9391963515621595,0.8673743381876104,-0.29348151909802556,0.49583333333333335
ALL,ALL,ALL,96.0,96.0,0.8412302355855821,0.9141680245702113,0.9599091661957048,0.940295327540149,0.8361479622033555,-0.8815170534484194,0.5276041666666667
