variant,best_strength_val,split,rows,mean_mse,raw_mean_mse,mean_mse_delta,mean_mse_delta_pct,harm_rate,alignment_A_gt_1_rate,mean_alignment_ratio
boundary_projection,0.75,test,768,6.202264286223413,6.4272205541616385,-0.22495626793824833,-3.5000552057075924,0.3385416666666667,0.6614583333333334,2.534482004623709
slope_projection,0.0,test,768,6.4272205541616385,6.4272205541616385,0.0,0.0,0.0,0.0,0.0
curvature_projection,0.0,test,768,6.4272205541616385,6.4272205541616385,0.0,0.0,0.0,0.0,0.0
dynamic_combo_projection,0.5,test,768,6.2912493666909475,6.4272205541616385,-0.13597118747069623,-2.115551911021622,0.43359375,0.56640625,1.0208062757159344
