regime,rows,top_action,top_action_rate,action_entropy,mean_best_action_mse_delta,cross_domain_top_action_consistency,lrbtn_harm_rate
0,192.0,HalluGuard-LRBN,0.3125,1.5258912484825118,-1.0165455684092428,0.5,0.3645833333333333
1,515.0,HalluGuard-LRBN,0.3262135922330097,1.5220059259996654,-1.3910027554429993,0.5,0.3941747572815534
2,482.0,HalluGuard-LRBN,0.3879668049792531,1.482469649721877,-1.4501626130110254,0.5,0.36929460580912865
3,1.0,HalluGuard-LRBN,1.0,-9.999999889225291e-09,-2.4742848492780674,1.0,0.0
4,248.0,HalluGuard-LRBN,0.41935483870967744,1.465873913879368,-2.1184450264157317,0.5,0.36693548387096775
5,98.0,HalluGuard-LRBN,0.6326530612244898,0.8828712223329391,-2.4431977550444373,1.0,0.2653061224489796
ALL,256.0,,0.5131147161910717,1.146518658402727,-1.8156064279335842,0.6666666666666666,0.29338238379066045
