action,status,coverage,selected_rows,risk_auc,risk_auprc,mean_mse_delta_selected,harm_rate_selected,full_mean_mse_delta,full_harm_rate
HalluGuard-LRBN,completed,0.25,192,0.43390743131108245,0.34030795373635303,-0.4900529162332791,0.4114583333333333,-1.5330629580413702,0.3580729166666667
HalluGuard-LRBN,completed,0.4,307,0.43390743131108245,0.34030795373635303,-0.4461263234273244,0.43973941368078173,-1.5330629580413702,0.3580729166666667
HalluGuard-LRBN,completed,0.5,384,0.43390743131108245,0.34030795373635303,-0.4663014741945595,0.4244791666666667,-1.5330629580413702,0.3580729166666667
HalluGuard-LRBN,completed,0.6,461,0.43390743131108245,0.34030795373635303,-0.6040542780334454,0.40563991323210413,-1.5330629580413702,0.3580729166666667
HalluGuard-LRBN,completed,0.75,576,0.43390743131108245,0.34030795373635303,-1.0592005985093835,0.3802083333333333,-1.5330629580413702,0.3580729166666667
HalluGuard-LRBN,completed,1.0,768,0.43390743131108245,0.34030795373635303,-1.5330629580413702,0.3580729166666667,-1.5330629580413702,0.3580729166666667
