{
  "status": "safe_and_balanced_pass",
  "decision": "promote_sra_bp_to_mini_extension",
  "safe_pass": true,
  "balanced_pass": true,
  "safe_params_found": true,
  "balanced_params_found": true,
  "safe_metrics": {
    "split": "test",
    "n": 768,
    "mse": 4.813148680992863,
    "mae": 1.6609504547937923,
    "mse_lrbn": 4.894157596003544,
    "mae_lrbn": 1.682162338434372,
    "mean_delta": -0.0810089150106816,
    "mse_delta_pct_vs_lrbn": -1.6552167202647812,
    "mae_delta_pct_vs_lrbn": -1.2609890870712976,
    "harm_rate": 0.03515625,
    "win_rate": 0.15234375,
    "coverage": 0.1875,
    "selected_count": 144,
    "mean_strength": 0.140625,
    "q4_improvement_pct": 6.9282969211486956,
    "low_gap_high_repair_delta_pct": 0.0,
    "high_gap_low_repair_delta_pct": -6.197213527338204,
    "low_gap_high_repair_coverage": 0.0,
    "high_gap_low_repair_coverage": 0.7484662576687117,
    "config_improved_ratio": 1.0,
    "test_threshold_leakage": false
  },
  "balanced_metrics": {
    "split": "test",
    "n": 768,
    "mse": 4.766982513125085,
    "mae": 1.6456270785485227,
    "mse_lrbn": 4.894157596003544,
    "mae_lrbn": 1.682162338434372,
    "mean_delta": -0.12717508287845883,
    "mse_delta_pct_vs_lrbn": -2.59850812165216,
    "mae_delta_pct_vs_lrbn": -2.1719223426831245,
    "harm_rate": 0.10416666666666667,
    "win_rate": 0.33203125,
    "coverage": 0.4361979166666667,
    "selected_count": 335,
    "mean_strength": 0.3271484375,
    "q4_improvement_pct": 8.587732598775384,
    "low_gap_high_repair_delta_pct": 0.0,
    "high_gap_low_repair_delta_pct": -7.917317705093091,
    "low_gap_high_repair_coverage": 0.0,
    "high_gap_low_repair_coverage": 0.9447852760736196,
    "config_improved_ratio": 1.0,
    "test_threshold_leakage": false
  },
  "bp_always_harm_rate": 0.4231770833333333,
  "stage3_harm_rate": 0.018229166666666668,
  "repair_gate_harm_rate": 0.21875,
  "test_threshold_leakage": false
}