{
  "mean_delta": -0.18938108906915316,
  "ci95_low": -0.2357970649436767,
  "ci95_high": -0.14407536604801296,
  "p_improve_bootstrap": 1.0
}