metric,lrbn_mse,sra_balanced_mse,oracle_mse,oracle_gain_pct_vs_lrbn,oracle_extra_pct_vs_sra_balanced,mean_oracle_gain
oracle_best,4.894157596003544,4.766982513125085,4.106884512888537,-16.085977332427515,-13.847292223840766,0.7872730831150069
