{
  "spectral_delta_pct_vs_lrbn": -1.158871438027399,
  "rolling_delta_pct_vs_lrbn": -0.5977366751270848,
  "spectral_minus_rolling_pct": -0.5611347629003142,
  "spectral_harm": 0.4674479166666667,
  "coverage_gap_pp": 6.658664279513882,
  "mean_spectral_autocorr": 0.3625993563832526,
  "band_weights": [
    0.35044303479064554,
    0.38802405859124606,
    0.36829319502055813,
    0.34363713713056093
  ],
  "protocol_guard_pass": true,
  "compact_go": false,
  "test_threshold_leakage": false
}