variant,parent,n,mse,mae,parent_mse,parent_mae,mse_delta_vs_parent,mse_delta_pct_vs_parent,mae_delta_pct_vs_parent,harm_rate_vs_parent,win_rate_vs_parent,max_config_harm,improved_configs,total_configs,test_threshold_leakage,coverage,selected_count,selected_harm_rate,ci95_low_delta_raw,ci95_high_delta_raw,p_bootstrap_delta_lt_zero,atom_id,tau,threshold_quantile,shrink,calib_score,status
atom_0_prototype,SRA-BP-balanced,768,4.78822039641155,1.648496001409164,4.766982513125085,1.6456270785485227,0.021237883286463987,0.445520477229308,0.1743361470290199,0.040364583333333336,0.026041666666666668,0.125,1,8,False,0.06640625,51,0.6078431372549019,0.0004332038944847466,0.04258459707765525,0.023,0,0.7430265530919137,0.95,1.0,-0.9882971585694766,diagnostic_only
atom_1_prototype,SRA-BP-balanced,768,4.766982513125085,1.6456270785485227,4.766982513125085,1.6456270785485227,0.0,0.0,0.0,0.0,0.0,0.0,0,8,False,0.0,0,0.0,0.0,0.0,0.0,1,0.5886655296366551,0.9,1.0,-0.9422969877940585,diagnostic_only
atom_2_prototype,SRA-BP-balanced,768,4.798363905389731,1.6565242207898017,4.766982513125085,1.6456270785485227,0.03138139226464615,0.6583072648664451,0.6621878259727979,0.048177083333333336,0.026041666666666668,0.16666666666666666,0,8,False,0.07421875,57,0.6491228070175439,0.006002217556716279,0.05629762844235806,0.0075,2,0.026709746488285134,0.95,0.25,4.0531671962889435,diagnostic_only
atom_3_prototype,SRA-BP-balanced,768,4.806499533785625,1.647340825818169,4.766982513125085,1.6456270785485227,0.03951702066053961,0.8289734747052071,0.10413946644241244,0.15104166666666666,0.14583333333333334,0.53125,2,8,False,0.296875,228,0.5087719298245614,0.0066483952756243025,0.071502908845092,0.008,3,0.8837214080756896,0.95,0.25,7.362456530586945,diagnostic_only
atom_4_prototype,SRA-BP-balanced,768,4.766982513125085,1.6456270785485227,4.766982513125085,1.6456270785485227,0.0,0.0,0.0,0.0,0.0,0.0,0,8,False,0.0,0,0.0,0.0,0.0,0.0,4,0.6999539023510897,0.95,1.0,-0.2856853788872022,diagnostic_only
