variant,n,mse,mae,lrbn_mse,lrbn_mae,mse_delta_vs_lrbn,mse_delta_pct_vs_lrbn,mae_delta_pct_vs_lrbn,harm_rate,win_rate,max_config_harm,config_improved_ratio,improved_configs,total_configs,test_threshold_leakage,coverage,selected_count,selected_harm_rate,oracle_gain_fraction,ci95_low_delta_raw,ci95_high_delta_raw,p_bootstrap_delta_lt_zero
oracle_current_deployable,768,4.2176680130401145,1.523300928973863,4.894157596003544,1.682162338434372,-0.67648958296343,-13.82239064254074,-9.443880943380108,0.0,0.9869791666666666,0.0,1.0,8,8,False,0.0,0,0.0,0.9999999852178065,-0.7432106632715961,-0.6173347613804273,1.0
oracle_current_all,768,4.004776228998621,1.473462565133926,4.894157596003544,1.682162338434372,-0.889381367004924,-18.17230744498177,-12.406636820440541,0.0,1.0,0.0,1.0,8,8,False,0.0,0,0.0,0.9999999887562295,-0.9871010990575995,-0.8032505349126827,1.0
oracle_expanded_deployable,768,3.908519687469408,1.4534065118956974,4.894157596003544,1.682162338434372,-0.9856379085341357,-20.139071682633965,-13.598914917551394,0.0,0.9973958333333334,0.0,1.0,8,8,False,0.0,0,0.0,0.9999999898542864,-1.083485292633509,-0.8939632458623277,1.0
oracle_expanded_all,768,3.871354101349094,1.445848727837203,4.894157596003544,1.682162338434372,-1.0228034946544502,-20.898458468109034,-14.048204729888983,0.0,1.0,0.0,1.0,8,8,False,0.0,0,0.0,0.999999990222951,-1.1245662544146287,-0.9305910554470184,1.0
