selected_expert,share
keep_lrbn,0.6666666666666666
teacher_median_smoothing,0.11588541666666667
sra_basic_ablation,0.08854166666666667
mrc_ridge_residual_blend,0.07291666666666667
residual_ridge_refit,0.0390625
mrc_ridge_abstain,0.010416666666666666
residual_memory_knn,0.005208333333333333
sra_balanced,0.0013020833333333333
