{
  "MRC-v2-multiscale-safe": {
    "variant": "policy_safe",
    "n": 232,
    "mse": 9.044953007672882,
    "mae": 2.3193716059105327,
    "lrbn_mse": 9.1261157455358,
    "lrbn_mae": 2.332075092367097,
    "mse_delta_vs_lrbn": -0.08116273786291861,
    "mse_delta_pct_vs_lrbn": -0.8893459171135962,
    "mae_delta_pct_vs_lrbn": -0.544728874454782,
    "harm_rate": 0.15086206896551724,
    "win_rate": 0.34913793103448276,
    "max_config_harm": 0.27586206896551724,
    "config_improved_ratio": 0.75,
    "improved_configs": 6,
    "total_configs": 8,
    "test_threshold_leakage": false,
    "coverage": 0.5,
    "selected_count": 116,
    "selected_harm_rate": 0.3017241379310345,
    "oracle_gain_fraction": NaN,
    "target": "safe",
    "weights": {
      "ridge": 0.5,
      "knn": 0.0,
      "median": 0.5
    },
    "shrink": 0.25,
    "cap_mult": 2.0,
    "risk_quantile": 0.5,
    "risk_tau": 0.802727843694645,
    "calibration_feasible": false,
    "calibration_score": 28.78306787598985
  },
  "MRC-v2-multiscale-tradeoff": {
    "variant": "policy_tradeoff",
    "n": 232,
    "mse": 9.044953007672882,
    "mae": 2.3193716059105327,
    "lrbn_mse": 9.1261157455358,
    "lrbn_mae": 2.332075092367097,
    "mse_delta_vs_lrbn": -0.08116273786291861,
    "mse_delta_pct_vs_lrbn": -0.8893459171135962,
    "mae_delta_pct_vs_lrbn": -0.544728874454782,
    "harm_rate": 0.15086206896551724,
    "win_rate": 0.34913793103448276,
    "max_config_harm": 0.27586206896551724,
    "config_improved_ratio": 0.75,
    "improved_configs": 6,
    "total_configs": 8,
    "test_threshold_leakage": false,
    "coverage": 0.5,
    "selected_count": 116,
    "selected_harm_rate": 0.3017241379310345,
    "oracle_gain_fraction": NaN,
    "target": "tradeoff",
    "weights": {
      "ridge": 0.5,
      "knn": 0.0,
      "median": 0.5
    },
    "shrink": 0.25,
    "cap_mult": 2.0,
    "risk_quantile": 0.5,
    "risk_tau": 0.802727843694645,
    "calibration_feasible": false,
    "calibration_score": 15.78306787598985
  }
}