method,buffer_size,mean_pointwise_coverage90,mean_q90_width,mse_delta_pct_vs_lrbn,harm_rate
no_update,128,0.9649590386284723,9.705354824999999,0.0,0.0
rolling_mean_residual,128,0.9684380425347223,9.705354824999999,-0.5977366751270848,0.53125
time_ema_residual,128,0.9680514865451388,9.705354824999999,0.15523987691550517,0.5416666666666666
spectral_adapter,128,0.9665866427951388,9.705354824999999,-1.158871438027399,0.4674479166666667
