{
  "variant": "energy_calib",
  "n": 232,
  "mse": 8.607936012704798,
  "mae": 2.2554903683686445,
  "lrbn_mse": 9.1261157455358,
  "lrbn_mae": 2.332075092367097,
  "mse_delta_vs_lrbn": -0.518179732831004,
  "mse_delta_pct_vs_lrbn": -5.677987730066659,
  "mae_delta_pct_vs_lrbn": -3.2839733128970803,
  "harm_rate": 0.05603448275862069,
  "win_rate": 0.2025862068965517,
  "max_config_harm": 0.13793103448275862,
  "config_improved_ratio": 0.875,
  "improved_configs": 7,
  "total_configs": 8,
  "test_threshold_leakage": false,
  "coverage": 0.25862068965517243,
  "selected_count": 60,
  "selected_harm_rate": 0.21666666666666667,
  "oracle_gain_fraction": NaN,
  "tau_predicted_delta": -1.1788045514642367,
  "lambda": 1.0,
  "calibration_feasible": true,
  "calibration_score": -5.677987730066659
}