model,split,n,positive_rate,roc_auc,pr_auc
stage9_global_pairwise_gain,inner_calib,4640,0.46314655172413793,0.8780523799124965,0.83938434986082
stage9_global_pairwise_harm,inner_calib,4640,0.26142241379310344,0.8416769887352533,0.6551670605822202
stage9_global_pairwise_gain,test,15360,0.44505208333333335,0.858219779885603,0.8021748395521027
stage9_global_pairwise_harm,test,15360,0.27239583333333334,0.8243903535950432,0.6212484790514605
