variant,n,mse,mae,lrbn_mse,lrbn_mae,mse_delta_vs_lrbn,mse_delta_pct_vs_lrbn,mae_delta_pct_vs_lrbn,harm_rate,win_rate,max_config_harm,config_improved_ratio,improved_configs,total_configs,test_threshold_leakage,coverage,selected_count,selected_harm_rate,oracle_gain_fraction,ci95_low_delta_raw,ci95_high_delta_raw,p_bootstrap_delta_lt_zero,mean_pointwise_coverage90,coverage_gap_pp,mean_interval_width,q90_by_horizon
MRC-v2-multiscale-safe,768,4.875867641200723,1.678373118818677,4.894157596003544,1.682162338434372,-0.01828995480282133,-0.37370996758226965,-0.22525885323861405,0.10026041666666667,0.20052083333333334,0.3020833333333333,0.75,6,8,False,0.30078125,231,0.3333333333333333,,-0.025334345595742488,-0.011281380547800774,1.0,0.9664984809027777,6.649848090277766,10.000078420275278,"{96: 4.536357840689732, 192: 5.463720579585545}"
MRC-v2-multiscale-tradeoff,768,4.875867641200723,1.678373118818677,4.894157596003544,1.682162338434372,-0.01828995480282133,-0.37370996758226965,-0.22525885323861405,0.10026041666666667,0.20052083333333334,0.3020833333333333,0.75,6,8,False,0.30078125,231,0.3333333333333333,,-0.025334345595742488,-0.011281380547800774,1.0,0.9664984809027777,6.649848090277766,10.000078420275278,"{96: 4.536357840689732, 192: 5.463720579585545}"
