disagreement_bin,count,mean_delta_vs_lrbn,harm_rate,win_loss_ratio
q1_low,216,-0.20561879009378603,0.4537037037037037,1.9974109541862064
q2,212,-0.2786312512959706,0.41037735849056606,2.41249473066194
q3,184,-0.37572057468688136,0.42391304347826086,2.4200962199386877
q4_high,156,-0.12512679194117454,0.3974358974358974,0.9281089817379431
