anchor,mean_oracle_anchor_error,mean_pred_anchor_gap,mean_delta_vs_lrbn,delta_pct_vs_lrbn,harm_rate,mean_A,A_gt_1_rate
last,0.8833461233643108,5998.514418029794,-0.2501768870054856,-5.111745618870136,0.4231770833333333,8.973766066723115,0.5768229166666666
trend,0.9074409512883972,5998.625651349698,-0.25166905934192024,-5.142234468158608,0.4244791666666667,-1.8638333515357062,0.5755208333333334
robust,0.9645559976792063,5998.403639936084,-0.24221436818673647,-4.949051250201227,0.4348958333333333,-27.480157768697087,0.5651041666666666
