bin,count,mean_delta_vs_lrbn,harm_rate,mean_g_L,mean_g_y,true_jump_rate,bp_needed_rate
low_gL_low_gY,138,-0.006267082930625843,0.4782608695652174,0.5198367984087716,0.5340283689918013,0.0,0.5217391304347826
high_gL_low_gY,143,-0.7199115973243229,0.3076923076923077,32205.315618734723,0.4979819255650622,0.0,0.6923076923076923
high_gL_high_gY,51,-0.4330220110441887,0.4117647058823529,7.842808960935028,2.1179361750878445,1.0,0.5882352941176471
low_gL_high_gY,35,0.01157935066071709,0.6285714285714286,0.6663480952244129,2.2922932165644005,1.0,0.37142857142857144
mid_or_mixed,401,-0.16619647897326656,0.428927680798005,2.503482915948524,0.8609912343089382,0.22942643391521197,0.571072319201995
