{
  "groups": [
    {
      "group": "ALL",
      "n_configs": 16,
      "n_samples": 8192,
      "parent_mse": 5.5244969400358634,
      "gate_mse": 5.495284633710396,
      "mse_gain": 0.02921230632546928,
      "parent_level": 2.8892665511194586,
      "gate_level": 2.8674334707467164,
      "level_gain": 0.02183308037274253,
      "parent_trend": 0.7399277672780807,
      "gate_trend": 0.7362691563276177,
      "trend_gain": 0.0036586109504632286,
      "parent_shape": 1.8953026216383235,
      "gate_shape": 1.891582006636061,
      "shape_gain": 0.0037206150022635436,
      "parent_mae": 1.7800356428082196,
      "gate_mae": 1.775947962422696,
      "mae_gain": 0.004087680385523248,
      "level_gain_share": 0.747393243432716,
      "trend_gain_share": 0.1252421123378883,
      "shape_gain_share": 0.1273646442293965,
      "improved_sample_rate": 0.5223388671875
    },
    {
      "group": "DLinear",
      "n_configs": 8,
      "n_samples": 4096,
      "parent_mse": 5.56506187752376,
      "gate_mse": 5.572116673070061,
      "mse_gain": -0.007054795546300733,
      "parent_level": 2.9392856677668417,
      "gate_level": 2.9457780189251195,
      "level_gain": -0.0064923511582770845,
      "parent_trend": 0.74822751291868,
      "gate_trend": 0.7504437215175211,
      "trend_gain": -0.0022162085988411996,
      "parent_shape": 1.8775486968382378,
      "gate_shape": 1.8758949326274212,
      "shape_gain": 0.0016537642108175542,
      "parent_mae": 1.783310321989747,
      "gate_mae": 1.7838423731651423,
      "mae_gain": -0.0005320511753958807,
      "level_gain_share": 0.9202748847457992,
      "trend_gain_share": 0.3141421440630261,
      "shape_gain_share": -0.2344170288088257,
      "improved_sample_rate": 0.501953125
    },
    {
      "group": "PatchTST",
      "n_configs": 8,
      "n_samples": 4096,
      "parent_mse": 5.483932002547966,
      "gate_mse": 5.418452594350729,
      "mse_gain": 0.0654794081972393,
      "parent_level": 2.8392474344720746,
      "gate_level": 2.789088922568312,
      "level_gain": 0.05015851190376215,
      "parent_trend": 0.731628021637482,
      "gate_trend": 0.7220945911377143,
      "trend_gain": 0.009533430499767657,
      "parent_shape": 1.9130565464384093,
      "gate_shape": 1.9072690806447006,
      "shape_gain": 0.005787465793709533,
      "parent_mae": 1.7767609636266921,
      "gate_mae": 1.7680535516802496,
      "mae_gain": 0.008707411946442376,
      "level_gain_share": 0.7660196279213913,
      "trend_gain_share": 0.14559432899959532,
      "shape_gain_share": 0.08838604307901397,
      "improved_sample_rate": 0.542724609375
    },
    {
      "group": "ETTm1",
      "n_configs": 8,
      "n_samples": 4096,
      "parent_mse": 4.403017138465391,
      "gate_mse": 4.388372819493275,
      "mse_gain": 0.014644318972115405,
      "parent_level": 2.5422280198682623,
      "gate_level": 2.5286028878662954,
      "level_gain": 0.013625132001966961,
      "parent_trend": 0.6692985312937213,
      "gate_trend": 0.6701570482703927,
      "trend_gain": -0.0008585169766711398,
      "parent_shape": 1.191490587303407,
      "gate_shape": 1.189612883356587,
      "shape_gain": 0.0018777039468195875,
      "parent_mae": 1.5726969468365193,
      "gate_mae": 1.5709802476366097,
      "mae_gain": 0.0017166991999088205,
      "level_gain_share": 0.9304039353356682,
      "trend_gain_share": -0.058624575052336834,
      "shape_gain_share": 0.12822063971666883,
      "improved_sample_rate": 0.505126953125
    },
    {
      "group": "ETTh1",
      "n_configs": 8,
      "n_samples": 4096,
      "parent_mse": 6.645976741606334,
      "gate_mse": 6.602196447927516,
      "mse_gain": 0.043780293678823155,
      "parent_level": 3.236305082370654,
      "gate_level": 3.206264053627136,
      "level_gain": 0.0300410287435181,
      "parent_trend": 0.8105570032624405,
      "gate_trend": 0.8023812643848428,
      "trend_gain": 0.008175738877597597,
      "parent_shape": 2.59911465597324,
      "gate_shape": 2.5935511299155345,
      "shape_gain": 0.005563526057707499,
      "parent_mae": 1.98737433877992,
      "gate_mae": 1.9809156772087821,
      "mae_gain": 0.0064586615711376754,
      "level_gain_share": 0.6861769581515886,
      "trend_gain_share": 0.18674472440901557,
      "shape_gain_share": 0.12707831743939665,
      "improved_sample_rate": 0.53955078125
    }
  ],
  "top_gain_configs": [
    {
      "dataset": "ETTh1",
      "model": "PatchTST",
      "horizon": 720,
      "n_test": 512,
      "parent_mse": 7.863661749389219,
      "gate_mse": 7.53630498834813,
      "mse_gain": 0.3273567610410984,
      "parent_level": 3.175279060130146,
      "gate_level": 2.9016991139088826,
      "level_gain": 0.27357994622125953,
      "parent_trend": 0.47068878705155265,
      "gate_trend": 0.43398553076721585,
      "trend_gain": 0.03670325628433565,
      "parent_shape": 4.217693902207518,
      "gate_shape": 4.200620343672019,
      "shape_gain": 0.017073558535503547,
      "parent_mae": 2.2086801531971103,
      "gate_mae": 2.1645715756018213,
      "mae_gain": 0.04410857759528786,
      "level_gain_share": 0.8357241358058055,
      "trend_gain_share": 0.11212004959851034,
      "shape_gain_share": 0.05215581459568518,
      "improved_samples": 350,
      "improved_sample_rate": 0.68359375
    },
    {
      "dataset": "ETTm1",
      "model": "PatchTST",
      "horizon": 720,
      "n_test": 512,
      "parent_mse": 6.801847969866185,
      "gate_mse": 6.7522313462834385,
      "mse_gain": 0.04961662358274748,
      "parent_level": 3.8118782826562505,
      "gate_level": 3.761845903086103,
      "level_gain": 0.05003237957015102,
      "parent_trend": 0.9322978713974213,
      "gate_trend": 0.9318197602673588,
      "trend_gain": 0.00047811113006349733,
      "parent_shape": 2.0576718158125127,
      "gate_shape": 2.0585656829299768,
      "shape_gain": -0.0008938671174670092,
      "parent_mae": 2.002603154910215,
      "gate_mae": 1.9970082008335999,
      "mae_gain": 0.005594954076612745,
      "level_gain_share": 1.0083793687958265,
      "trend_gain_share": 0.00963610773042897,
      "shape_gain_share": -0.018015476526254834,
      "improved_samples": 256,
      "improved_sample_rate": 0.5
    },
    {
      "dataset": "ETTh1",
      "model": "PatchTST",
      "horizon": 96,
      "n_test": 512,
      "parent_mse": 4.718595693654288,
      "gate_mse": 4.6742297261720145,
      "mse_gain": 0.04436596748227206,
      "parent_level": 2.5536764406943306,
      "gate_level": 2.503993945214344,
      "level_gain": 0.049682495479984275,
      "parent_trend": 0.7634091283062155,
      "gate_trend": 0.7732650834252196,
      "trend_gain": -0.009855955119003425,
      "parent_shape": 1.4015101246537405,
      "gate_shape": 1.3969706975324516,
      "shape_gain": 0.004539427121291176,
      "parent_mae": 1.6520946749028749,
      "gate_mae": 1.6469498090206673,
      "mae_gain": 0.005144865882206879,
      "level_gain_share": 1.119833473705642,
      "trend_gain_share": -0.22215124966995722,
      "shape_gain_share": 0.10231777596431453,
      "improved_samples": 279,
      "improved_sample_rate": 0.544921875
    },
    {
      "dataset": "ETTm1",
      "model": "PatchTST",
      "horizon": 192,
      "n_test": 512,
      "parent_mse": 3.7056591814787794,
      "gate_mse": 3.6747624440391906,
      "mse_gain": 0.03089673743959064,
      "parent_level": 2.2216386281400395,
      "gate_level": 2.1966152173184885,
      "level_gain": 0.02502341082154685,
      "parent_trend": 0.5960009722031401,
      "gate_trend": 0.5935063910233547,
      "trend_gain": 0.0024945811797860307,
      "parent_shape": 0.8880195811356032,
      "gate_shape": 0.8846408356973449,
      "shape_gain": 0.003378745438257739,
      "parent_mae": 1.4668369949234255,
      "gate_mae": 1.4629354333824622,
      "mae_gain": 0.0039015615409621054,
      "level_gain_share": 0.8099046337974252,
      "trend_gain_share": 0.08073930733506865,